#TimestampInMS,gt_lat,gt_long,phone_lat,phone_long
1.28989E+12,56.25714967,10.0690625,56.25686051,10.06888092
1.28989E+12,56.25714967,10.0690625,56.25692857,10.06901897
1.28989E+12,56.25714967,10.0690625,56.25692807,10.0690437
1.28989E+12,56.25714967,10.0690625,56.2569419,10.06905979
1.28989E+12,56.25714967,10.0690625,56.25695807,10.06905426
1.28989E+12,56.25714967,10.0690625,56.25697199,10.06906424
1.28989E+12,56.25714967,10.0690625,56.25698548,10.06905912
1.28989E+12,56.25714967,10.0690625,56.25699386,10.06905158
1.28989E+12,56.25714967,10.0690625,56.25700166,10.06904328
1.28989E+12,56.25714967,10.0690625,56.25700627,10.06903557
1.28989E+12,56.25714967,10.0690625,56.25701105,10.06903096
1.28989E+12,56.25714967,10.0690625,56.25701608,10.06902736
1.28989E+12,56.25714967,10.0690625,56.25702102,10.06902384
1.28989E+12,56.25714967,10.0690625,56.25702597,10.06902107
1.28989E+12,56.25714967,10.0690625,56.25702848,10.06901872
1.28989E+12,56.25714967,10.0690625,56.25702924,10.06901805
1.28989E+12,56.25714967,10.0690625,56.25703016,10.0690178
1.28989E+12,56.25714967,10.0690625,56.2570315,10.06901763
1.28989E+12,56.25714967,10.0690625,56.25703368,10.06901788
1.28989E+12,56.25714967,10.0690625,56.2570346,10.06901772
1.28989E+12,56.25714967,10.0690625,56.25703577,10.0690178
1.28989E+12,56.25714967,10.0690625,56.25703879,10.06901948
1.28989E+12,56.25714967,10.0690625,56.25703938,10.06901956
1.28989E+12,56.25714967,10.0690625,56.25704013,10.06901981
1.28989E+12,56.25714967,10.0690625,56.25704055,10.06902006
1.28989E+12,56.25714967,10.0690625,56.25704105,10.0690204
1.28989E+12,56.25714967,10.0690625,56.25704164,10.06902073
1.28989E+12,56.25714967,10.0690625,56.25704214,10.06902107
1.28989E+12,56.25714967,10.0690625,56.2570988,10.06897849
1.28989E+12,56.25714967,10.0690625,56.25710995,10.06912559
1.28989E+12,56.25714967,10.0690625,56.25717089,10.06908913
1.28989E+12,56.25714967,10.0690625,56.25708389,10.0690722
1.28989E+12,56.25714967,10.0690625,56.25713133,10.06903054
1.28989E+12,56.25714967,10.0690625,56.25704575,10.06861924
1.28989E+12,56.25714967,10.0690625,56.25708933,10.06926951
1.28989E+12,56.25714967,10.0690625,56.25708539,10.06922685
1.28989E+12,56.25714967,10.0690625,56.25692991,10.06896692
1.28989E+12,56.25714967,10.0690625,56.25665876,10.07491514
1.28989E+12,56.25714967,10.0690625,56.25705161,10.06924009
1.28989E+12,56.25714967,10.0690625,56.25732822,10.06881152
1.28989E+12,56.25714967,10.0690625,56.25696159,10.06927152
1.28989E+12,56.25714967,10.0690625,56.25709646,10.06918569
1.28989E+12,56.25714967,10.0690625,56.25684576,10.06950588
1.28989E+12,56.25714967,10.0690625,56.25726091,10.06902442
1.28989E+12,56.25714967,10.0690625,56.25707257,10.0692069
1.28989E+12,56.25714967,10.0690625,56.25705329,10.06913624
1.28989E+12,56.25714967,10.0690625,56.25716863,10.06908108
1.28989E+12,56.25714967,10.0690625,56.25709663,10.06929465
1.28989E+12,56.25714967,10.0690625,56.2570372,10.06918276
1.28989E+12,56.25714967,10.0690625,56.25702597,10.06909357
1.28989E+12,56.25714967,10.0690625,56.25713141,10.06897933
1.28989E+12,56.25714967,10.0690625,56.25706779,10.06909936
1.28989E+12,56.25714967,10.0690625,56.25707056,10.06906541
1.28989E+12,56.25714967,10.0690625,56.25715647,10.06901353
1.28989E+12,56.25714967,10.0690625,56.25708707,10.06880859
1.28989E+12,56.25714967,10.0690625,56.25667259,10.0691929
1.28989E+12,56.25714967,10.0690625,56.25728027,10.06892376
1.28989E+12,56.25714967,10.0690625,56.25684877,10.06928979
1.28989E+12,56.25714967,10.0690625,56.25703711,10.06867188
1.28989E+12,56.25714967,10.0690625,56.25709344,10.06895133
1.28989E+12,56.25714967,10.0690625,56.25706586,10.06900573
1.28989E+12,56.25714967,10.0690625,56.25693226,10.06909458
1.28989E+12,56.25714967,10.0690625,56.2568139,10.06905518
1.28989E+12,56.25714967,10.0690625,56.25689655,10.06890917
1.28989E+12,56.25714967,10.0690625,56.25663663,10.06967125
1.28989E+12,56.25714967,10.0690625,56.2569315,10.06882426
1.28989E+12,56.25714967,10.0690625,56.2570584,10.06935215
1.28989E+12,56.25714967,10.0690625,56.2571962,10.06889249
1.28989E+12,56.25714967,10.0690625,56.25708397,10.06898151
1.28989E+12,56.25714967,10.0690625,56.25700099,10.06954309
1.28989E+12,56.25714967,10.0690625,56.25704089,10.06938241
1.28989E+12,56.25714967,10.0690625,56.25689462,10.06938736
1.28989E+12,56.25714967,10.0690625,56.25710291,10.06944218
1.28989E+12,56.25714967,10.0690625,56.25709461,10.06910941
1.28989E+12,56.25714967,10.0690625,56.25708967,10.06937998
1.28989E+12,56.25714967,10.0690625,56.25688373,10.06888151
1.28989E+12,56.25714967,10.0690625,56.25710962,10.06917613
1.28989E+12,56.25714967,10.0690625,56.25713753,10.06883457
1.28989E+12,56.25714967,10.0690625,56.25692446,10.06890724
1.28989E+12,56.25714967,10.0690625,56.25708883,10.06930547
1.28989E+12,56.25714967,10.0690625,56.25699328,10.06886089
1.28989E+12,56.25714967,10.0690625,56.25702806,10.06900917
1.28989E+12,56.25714967,10.0690625,56.25710786,10.06860457
1.28989E+12,56.25714967,10.0690625,56.2570584,10.0689432
1.28989E+12,56.25714967,10.0690625,56.25716108,10.06872921
1.28989E+12,56.25714967,10.0690625,56.25709176,10.06866157
1.28989E+12,56.25714967,10.0690625,56.25696738,10.06952801
1.28989E+12,56.25714967,10.0690625,56.25700141,10.06943413
1.28989E+12,56.25714967,10.0690625,56.25694148,10.06953287
1.28989E+12,56.25714967,10.0690625,56.25707114,10.06946372
1.28989E+12,56.25714967,10.0690625,56.25708548,10.06909508
1.28989E+12,56.25714967,10.0690625,56.25712362,10.06897463
1.28989E+12,56.25714967,10.0690625,56.25705103,10.06901319
1.28989E+12,56.25714967,10.0690625,56.25704265,10.06886156
1.28989E+12,56.25714967,10.0690625,56.25713066,10.06898134
1.28989E+12,56.25714967,10.0690625,56.25722185,10.06836401
1.28989E+12,56.25714967,10.0690625,56.25709026,10.06861295
1.28989E+12,56.25714967,10.0690625,56.25696889,10.06928393
1.28989E+12,56.25714967,10.0690625,56.25711507,10.06918242
1.28989E+12,56.25714967,10.0690625,56.2570196,10.06905401
1.28989E+12,56.25714967,10.0690625,56.25709176,10.06874237
1.28989E+12,56.25714967,10.0690625,56.25700996,10.06888419
1.28989E+12,56.25714967,10.0690625,56.25704323,10.06913573
1.28989E+12,56.25714967,10.0690625,56.25703376,10.06890733
1.28989E+12,56.25714967,10.0690625,56.25701649,10.06910036
1.28989E+12,56.25714967,10.0690625,56.25708171,10.06918745
1.28989E+12,56.25714967,10.0690625,56.25710727,10.06891135
1.28989E+12,56.25714967,10.0690625,56.25714776,10.06906491
1.28989E+12,56.25714967,10.0690625,56.25711272,10.06921855
1.28989E+12,56.25714967,10.0690625,56.25715119,10.06895393
1.28989E+12,56.25714967,10.0690625,56.25737558,10.06881538
1.28989E+12,56.25714967,10.0690625,56.25691239,10.06925668
1.28989E+12,56.25714867,10.06906233,56.25711641,10.06894178
1.28989E+12,56.257149,10.06906,56.25710015,10.06912442
1.28989E+12,56.25715033,10.06905617,56.25707182,10.06927672
1.28989E+12,56.2571525,10.06905233,56.25704265,10.06921888
1.28989E+12,56.25715567,10.06904817,56.2594361,10.06585715
1.28989E+12,56.25716033,10.06904667,56.25725286,10.06856518
1.28989E+12,56.25716717,10.06904483,56.25733467,10.06880473
1.28989E+12,56.25716933,10.0690445,56.25721615,10.06886257
1.28989E+12,56.25716933,10.06904117,56.25712546,10.06890439
1.28989E+12,56.25717017,10.069037,56.25712018,10.06901881
1.28989E+12,56.25716967,10.06903383,56.25717961,10.06869535
1.28989E+12,56.25717033,10.069034,56.25702094,10.06902073
1.28989E+12,56.25716933,10.069035,56.25714532,10.06917563
1.28989E+12,56.2571675,10.0690335,56.25724339,10.06889719
1.28989E+12,56.2571645,10.06903367,56.25713753,10.06901587
1.28989E+12,56.25716133,10.06903517,56.25711942,10.06912911
1.28989E+12,56.2571585,10.06904033,56.25707575,10.06915803
1.28989E+12,56.25715633,10.06904667,56.2569486,10.06930103
1.28989E+12,56.25715583,10.06904967,56.2570698,10.06923682
1.28989E+12,56.25715617,10.06905,56.25697542,10.06930547
1.28989E+12,56.2571575,10.06905133,56.25717072,10.06887363
1.28989E+12,56.25715683,10.0690495,56.25696905,10.06921922
1.28989E+12,56.25715667,10.06904667,56.25691742,10.06907538
1.28989E+12,56.257159,10.0690495,56.2572439,10.06905225
1.28989E+12,56.25715617,10.0690595,56.25717114,10.06894094
1.28989E+12,56.25715333,10.06906433,56.25720031,10.06891018
1.28989E+12,56.257156,10.0690645,56.25719302,10.06882896
1.28989E+12,56.25715433,10.06905517,56.257133,10.06898964
1.28989E+12,56.25716617,10.06904417,56.25706897,10.06911671
1.28989E+12,56.25715433,10.06907683,56.25727751,10.06848278
1.28989E+12,56.25715967,10.06908967,56.25729779,10.06873667
1.28989E+12,56.25715233,10.06909783,56.25727265,10.06936858
1.28989E+12,56.257162,10.069078,56.25711188,10.06907144
1.28989E+12,56.2571675,10.06907183,56.25721489,10.06931997
1.28989E+12,56.25716617,10.06906583,56.25718757,10.06902082
1.28989E+12,56.25716483,10.069062,56.25715932,10.06887212
1.28989E+12,56.25716217,10.0690675,56.25703535,10.06911713
1.28989E+12,56.25716217,10.0690675,56.25458851,10.07402272
1.28989E+12,56.2571615,10.06906883,56.25701717,10.06949356
1.28989E+12,56.257163,10.069066,56.25716603,10.06889316
1.28989E+12,56.2571365,10.06913217,56.25705027,10.06889878
1.28989E+12,56.25708983,10.06927367,56.25703192,10.06942633
1.28989E+12,56.25708533,10.06956383,56.25695858,10.06954418
1.28989E+12,56.25710333,10.06999767,56.25710191,10.06997066
1.28989E+12,56.25712983,10.07046433,56.25698925,10.07041196
1.28989E+12,56.25699233,10.07070767,56.25712982,10.07060843
1.28989E+12,56.2566675,10.07075783,56.25655054,10.07042638
1.28989E+12,56.25630833,10.07078483,56.25622575,10.07058957
1.28989E+12,56.256031,10.07085617,56.25606959,10.07079074
1.28989E+12,56.25565933,10.07090133,56.25565385,10.07049151
1.28989E+12,56.25525117,10.07096783,56.2552884,10.07125342
1.28989E+12,56.2549455,10.07099767,56.25502638,10.07074104
1.28989E+12,56.254581,10.070874,56.25450545,10.07086442
1.28989E+12,56.25424883,10.07058367,56.25439003,10.07070843
1.28989E+12,56.25402133,10.0702095,56.2538763,10.07040224
1.28989E+12,56.25382133,10.06965,56.25401209,10.06982389
1.28989E+12,56.25371433,10.06913317,56.25376734,10.06927244
1.28989E+12,56.2536365,10.06869417,56.25337305,10.06767904
1.28989E+12,56.253615,10.06857183,56.25359618,10.06853098
1.28989E+12,56.25361867,10.0685745,56.2534443,10.06719138
1.28989E+12,56.253617,10.06857233,56.25377689,10.06881638
1.28989E+12,56.253587,10.068373,56.2535743,10.06831917
1.28989E+12,56.25346233,10.068123,56.25366164,10.06802631
1.28989E+12,56.2530875,10.06830133,56.25305068,10.06827064
1.28989E+12,56.252782,10.06852067,56.25276243,10.06869862
1.28989E+12,56.25239433,10.068742,56.25225868,10.06862117
1.28989E+12,56.25198933,10.068969,56.25205508,10.06893189
1.28989E+12,56.25152083,10.069233,56.2513427,10.06908217
1.28989E+12,56.25116833,10.0694355,56.25130557,10.06952608
1.28989E+12,56.25075683,10.06966883,56.25069252,10.06998381
1.28989E+12,56.25028917,10.06993333,56.25031315,10.07005967
1.28989E+12,56.2499375,10.07013283,56.24992641,10.07014156
1.28989E+12,56.24953283,10.07037233,56.24950715,10.07042604
1.28989E+12,56.24919167,10.0705355,56.2491873,10.07013176
1.28989E+12,56.2491695,10.07055567,56.249266,10.07045731
1.28989E+12,56.24917183,10.07056233,56.24914522,10.0704335
1.28989E+12,56.24917167,10.07057333,56.24934127,10.07047986
1.28989E+12,56.24904067,10.07064333,56.2490723,10.0705506
1.28989E+12,56.2487515,10.07079917,56.24882143,10.07087121
1.28989E+12,56.248505,10.070911,56.24810503,10.07045278
1.28989E+12,56.2482065,10.07110033,56.24828339,10.07081983
1.28989E+12,56.24796117,10.07132067,56.24769934,10.07073676
1.28989E+12,56.24766183,10.071566,56.2476571,10.07159741
1.28989E+12,56.247418,10.07179333,56.24735309,10.07207451
1.28989E+12,56.2471685,10.07206483,56.24712979,10.0720119
1.28989E+12,56.24692283,10.072363,56.24692192,10.0720471
1.28989E+12,56.24659367,10.07282,56.24666996,10.07242747
1.28989E+12,56.2464155,10.07310083,56.24644642,10.07297439
1.28989E+12,56.246079,10.073708,56.24609186,10.07416806
1.28989E+12,56.24587067,10.07410417,56.24586354,10.07401073
1.28989E+12,56.24557883,10.07464183,56.24548644,10.07460342
1.28989E+12,56.24533,10.075115,56.24536808,10.07496166
1.28989E+12,56.24508267,10.07558783,56.24520732,10.07546281
1.28989E+12,56.2448305,10.07606083,56.24474338,10.07574645
1.28989E+12,56.24449833,10.07668733,56.24454104,10.07667961
1.28989E+12,56.24432583,10.076966,56.24439553,10.0768553
1.28989E+12,56.24413317,10.07734017,56.24415774,10.07730146
1.28989E+12,56.24394983,10.07769733,56.24396948,10.07774965
1.28989E+12,56.243687,10.07819033,56.24368466,10.07807168
1.28989E+12,56.243489,10.07853133,56.24362004,10.07835557
1.28989E+12,56.24331367,10.07892917,56.24318577,10.07880878
1.28989E+12,56.24303933,10.079448,56.24294597,10.07959987
1.28989E+12,56.24284167,10.0798255,56.24271337,10.07997152
1.28989E+12,56.24261567,10.080256,56.24260952,10.08014972
1.28989E+12,56.24241617,10.08063567,56.24253064,10.08072706
1.28989E+12,56.24220217,10.0810335,56.24219612,10.08104071
1.28989E+12,56.242039,10.08133567,56.24221347,10.08125563
1.28989E+12,56.24188433,10.08162667,56.24188021,10.08181562
1.28989E+12,56.24161667,10.08213967,56.24154544,10.08217152
1.28989E+12,56.241408,10.08253233,56.24160729,10.08302362
1.28989E+12,56.2412315,10.0828645,56.24130848,10.0829745
1.28989E+12,56.24105683,10.08319733,56.24102199,10.08319117
1.28989E+12,56.24089333,10.08351533,56.24087539,10.08353559
1.28989E+12,56.24075783,10.08377317,56.24083901,10.08365654
1.28989E+12,56.24061317,10.08404867,56.24048596,10.08388461
1.28989E+12,56.24040867,10.0844295,56.24047054,10.08440429
1.28989E+12,56.24026767,10.0846975,56.24038823,10.08465273
1.28989E+12,56.2400365,10.08513983,56.24014088,10.08515028
1.28989E+12,56.2397985,10.08559817,56.23979144,10.08539335
1.28989E+12,56.23953867,10.086087,56.2393684,10.08587464
1.28989E+12,56.23933533,10.08647233,56.23930923,10.08645836
1.28989E+12,56.23909117,10.0869425,56.23905635,10.08680377
1.28989E+12,56.23890567,10.087289,56.23891494,10.08745086
1.28989E+12,56.238714,10.08765417,56.23882869,10.08779753
1.28989E+12,56.23850583,10.08805417,56.23852317,10.08818335
1.28989E+12,56.23823783,10.0885575,56.23814683,10.08852139
1.28989E+12,56.23797,10.08906517,56.23789227,10.08891677
1.28989E+12,56.23770867,10.08954683,56.23783393,10.08954021
1.28989E+12,56.23754983,10.089836,56.2375238,10.08971984
1.28989E+12,56.23738017,10.09016067,56.23731023,10.09006735
1.28989E+12,56.23722133,10.09045283,56.23735868,10.09066506
1.28989E+12,56.23706633,10.09076267,56.23708635,10.09113805
1.28989E+12,56.23688317,10.09111633,56.236725,10.09080647
1.28989E+12,56.23675333,10.091367,56.23676415,10.09122992
1.28989E+12,56.2365775,10.09169317,56.23643876,10.0913554
1.28989E+12,56.2364135,10.09201367,56.23625503,10.09186669
1.28989E+12,56.23624067,10.092323,56.23610986,10.09192042
1.28989E+12,56.23614783,10.09250767,56.2361407,10.09234957
1.28989E+12,56.23600183,10.0927845,56.23587039,10.09262106
1.28989E+12,56.23585383,10.093065,56.23560854,10.09251897
1.28989E+12,56.23570333,10.09335767,56.23565858,10.09334224
1.28989E+12,56.23557633,10.09359483,56.23522389,10.09342531
1.28989E+12,56.23540017,10.09391833,56.23543662,10.0938822
1.28989E+12,56.23525533,10.09420533,56.23545867,10.09434187
1.28989E+12,56.235128,10.094447,56.23504888,10.09445494
1.28989E+12,56.234973,10.094754,56.2350472,10.09463205
1.28989E+12,56.23487667,10.09497167,56.23478091,10.09498895
1.28989E+12,56.23473483,10.09530033,56.23466767,10.09544576
1.28989E+12,56.23462033,10.09558833,56.23463573,10.0957165
1.28989E+12,56.23450833,10.09590233,56.23441831,10.09584902
1.28989E+12,56.23440533,10.09621933,56.23422577,10.09600911
1.28989E+12,56.23429933,10.09656117,56.23430624,10.09663591
1.28989E+12,56.23418817,10.0969225,56.23413257,10.09665921
1.28989E+12,56.234076,10.0972925,56.23390701,10.09720621
1.28989E+12,56.23396683,10.09765717,56.23372387,10.09775548
1.28989E+12,56.2338125,10.098074,56.23379536,10.09795732
1.28989E+12,56.23368533,10.0984365,56.23360451,10.09829662
1.28989E+12,56.233617,10.09875683,56.23370182,10.09877774
1.28989E+12,56.23350533,10.099148,56.23346964,10.09936053
1.28989E+12,56.23334017,10.09969767,56.23328549,10.09967644
1.28989E+12,56.23321917,10.1000765,56.23311936,10.10021154
1.28989E+12,56.23310033,10.10045533,56.23311492,10.10038111
1.28989E+12,56.23298133,10.10083717,56.23300763,10.10071387
1.28989E+12,56.23283633,10.1012885,56.23285944,10.10117613
1.28989E+12,56.23266433,10.10173283,56.23280068,10.10172079
1.28989E+12,56.23254083,10.10204717,56.23242869,10.10172138
1.28989E+12,56.23242967,10.10242117,56.23253229,10.10239067
1.28989E+12,56.23230567,10.102807,56.23229383,10.10238858
1.28989E+12,56.23216417,10.10326317,56.23187348,10.10313197
1.28989E+12,56.23205433,10.1036195,56.23209325,10.1033877
1.28989E+12,56.23193533,10.104133,56.2319039,10.10403646
1.28989E+12,56.23184533,10.10445067,56.23180952,10.10450358
1.28989E+12,56.23176267,10.104785,56.23162445,10.10482452
1.28989E+12,56.23167,10.10511133,56.23162604,10.10506559
1.28989E+12,56.2315465,10.1055125,56.2316558,10.10544906
1.28989E+12,56.23144417,10.10582967,56.23147156,10.10570387
1.28989E+12,56.23135033,10.1061295,56.2314051,10.10606454
1.28989E+12,56.231259,10.10642633,56.23111936,10.10680307
1.28989E+12,56.23115167,10.106781,56.23096941,10.10650769
1.28989E+12,56.2310545,10.10707933,56.23103587,10.10723256
1.28989E+12,56.230972,10.10739367,56.23090093,10.10705671
1.28989E+12,56.23088217,10.10769733,56.23104702,10.10794049
1.28989E+12,56.230784,10.108,56.23085206,10.107841
1.28989E+12,56.2306855,10.10829917,56.2306788,10.10836412
1.28989E+12,56.23058867,10.108601,56.23060245,10.10867844
1.28989E+12,56.23049467,10.108908,56.23056096,10.10899041
1.28989E+12,56.23039617,10.10921083,56.23044009,10.10942015
1.28989E+12,56.230284,10.109588,56.23029852,10.10935494
1.28989E+12,56.23018683,10.10988983,56.23037161,10.10995902
1.28989E+12,56.23008833,10.11018033,56.23015888,10.10998761
1.28989E+12,56.2299895,10.11046967,56.22999534,10.11096787
1.28989E+12,56.22987483,10.11074767,56.22994757,10.11046252
1.28989E+12,56.22975183,10.111029,56.22973785,10.11103249
1.28989E+12,56.229623,10.11130783,56.22933544,10.11105957
1.28989E+12,56.22945633,10.111664,56.22929998,10.11135587
1.28989E+12,56.229309,10.11196517,56.2292735,10.11175392
1.28989E+12,56.229036,10.11249867,56.22920401,10.11292999
1.28989E+12,56.2289025,10.11279533,56.22892414,10.11255875
1.28989E+12,56.22871933,10.11316483,56.22855902,10.11260594
1.28989E+12,56.2285345,10.113551,56.22843187,10.11341455
1.28989E+12,56.2283445,10.11394383,56.22837118,10.11399181
1.28989E+12,56.22813883,10.11431983,56.22810891,10.1143135
1.28989E+12,56.22790383,10.1148075,56.22763978,10.11443286
1.28989E+12,56.22770883,10.11523333,56.22773299,10.11516309
1.28989E+12,56.22742017,10.11570083,56.22746485,10.11570473
1.28989E+12,56.22709483,10.1161165,56.22712982,10.11575469
1.28989E+12,56.22684133,10.11625533,56.22719017,10.1165534
1.28989E+12,56.226522,10.11609167,56.22659104,10.11610447
1.28989E+12,56.2262305,10.11620367,56.22624143,10.1167373
1.28989E+12,56.22611083,10.11664417,56.2261571,10.11656698
1.28989E+12,56.22611867,10.11711633,56.22616783,10.11713183
1.28989E+12,56.2261975,10.117303,56.22618837,10.11748069
1.28989E+12,56.226198,10.11730767,56.22613506,10.117592
1.28989E+12,56.22627783,10.11743,56.22630773,10.11731179
1.28989E+12,56.2263145,10.1176985,56.22618971,10.11773877
1.28989E+12,56.22609817,10.11794117,56.22612903,10.11798846
1.28989E+12,56.22592367,10.11829667,56.22593188,10.11820162
1.28989E+12,56.22568867,10.11877783,56.22559367,10.11866153
1.28989E+12,56.22546617,10.11918183,56.22493284,10.11814537
1.28989E+12,56.22524917,10.11960683,56.22526888,10.11958538
1.28989E+12,56.22494567,10.12023433,56.22490711,10.12019324
1.28989E+12,56.22472417,10.12069417,56.22462749,10.12056582
1.28989E+12,56.224485,10.121176,56.22440034,10.12116839
1.28989E+12,56.22419133,10.1217995,56.22418719,10.12192192
1.28989E+12,56.2238865,10.12244683,56.22401067,10.12254403
1.28989E+12,56.22367683,10.12287983,56.2234894,10.12262164
1.28989E+12,56.2234155,10.12341917,56.22344489,10.12340862
1.28989E+12,56.2231475,10.1239435,56.22312437,10.12373166
1.28989E+12,56.22287133,10.12444133,56.22290744,10.12444789
1.28989E+12,56.222584,10.124896,56.2223337,10.1244318
1.28989E+12,56.22228367,10.125308,56.22232389,10.12527074
1.28989E+12,56.22191267,10.12575267,56.22194176,10.12569788
1.28989E+12,56.22159517,10.126097,56.22162744,10.1260573
1.28989E+12,56.22122933,10.12648383,56.22119343,10.12633709
1.28989E+12,56.221,10.12673933,56.22121706,10.12720897
1.28989E+12,56.22072733,10.1270485,56.22074013,10.127112
1.28989E+12,56.220484,10.12738883,56.22028232,10.12695048
1.28989E+12,56.22023917,10.12790517,56.22019749,10.12787676
1.28989E+12,56.22001233,10.1283605,56.2201389,10.12863591
1.28989E+12,56.2197755,10.12879017,56.2199887,10.12918266
1.28989E+12,56.21962033,10.12892867,56.2193857,10.12876608
1.28989E+12,56.21939,10.12853583,56.2192132,10.12823752
1.28989E+12,56.21921867,10.12881317,56.21902285,10.12871235
1.28989E+12,56.2190485,10.1291875,56.2190972,10.12923748
1.28989E+12,56.21894933,10.12948133,56.21884817,10.12924821
1.28989E+12,56.21884133,10.12977617,56.21880475,10.12994323
1.28989E+12,56.21871517,10.130067,56.2186284,10.13005656
1.28989E+12,56.21856617,10.13038617,56.21848096,10.13028027
1.28989E+12,56.21838483,10.13078833,56.21836831,10.1308805
1.28989E+12,56.2182315,10.13112217,56.21833553,10.13142817
1.28989E+12,56.2180845,10.13146833,56.21785207,10.1312576
1.28989E+12,56.21791217,10.13187717,56.21780781,10.13167376
1.28989E+12,56.217759,10.13222,56.21760187,10.13207953
1.28989E+12,56.2175435,10.13272583,56.21733222,10.13246007
1.28989E+12,56.21735867,10.1331735,56.21728168,10.13327537
1.28989E+12,56.2171655,10.133635,56.21741738,10.13374325
1.28989E+12,56.217008,10.134032,56.21691279,10.1339839
1.28989E+12,56.2168465,10.13444217,56.21698907,10.13446996
1.28989E+12,56.21665067,10.13493667,56.21658422,10.13478663
1.28989E+12,56.2164915,10.13535517,56.21623386,10.13522995
1.28989E+12,56.21633,10.13577183,56.2160306,10.13545299
1.28989E+12,56.216175,10.136194,56.21601962,10.13640618
1.28989E+12,56.21602067,10.13660883,56.21609908,10.13645605
1.28989E+12,56.21584383,10.13710833,56.21595491,10.13688705
1.28989E+12,56.21569233,10.13751617,56.21589372,10.13767411
1.28989E+12,56.2155455,10.13792983,56.21559071,10.13792867
1.28989E+12,56.21537067,10.13843,56.21555752,10.13890734
1.28989E+12,56.215225,10.138846,56.2152986,10.13889292
1.28989E+12,56.21504767,10.13933933,56.21497699,10.1391023
1.28989E+12,56.214922,10.13977167,56.21487171,10.13991384
1.28989E+12,56.21475933,10.140274,56.21476124,10.14033386
1.28989E+12,56.21458517,10.14082567,56.21469377,10.14045313
1.28989E+12,56.21441567,10.1413905,56.21444658,10.14144965
1.28989E+12,56.21422417,10.14199917,56.21417074,10.14188317
1.28989E+12,56.21406783,10.14253733,56.21422539,10.14278632
1.28989E+12,56.2138975,10.14305517,56.2139492,10.14333634
1.28989E+12,56.2137015,10.1435515,56.21367855,10.14405341
1.28989E+12,56.2134765,10.1438985,56.21372013,10.14435356
1.28989E+12,56.21343183,10.14449333,56.21345023,10.14440461
1.28989E+12,56.2133505,10.14484767,56.21335409,10.14474156
1.28989E+12,56.21321883,10.14530917,56.2131178,10.14524909
1.28989E+12,56.21306683,10.14589083,56.21311923,10.14607001
1.28989E+12,56.2129275,10.14637567,56.21313406,10.14657879
1.28989E+12,56.2127805,10.14685817,56.21279384,10.14694055
1.28989E+12,56.212606,10.1474545,56.21259134,10.14745939
1.28989E+12,56.212383,10.14817333,56.21227718,10.14772451
1.28989E+12,56.21222183,10.1487,56.21215204,10.14881232
1.28989E+12,56.212054,10.14923367,56.21210217,10.14951011
1.28989E+12,56.21188683,10.14978183,56.21196856,10.14960793
1.28989E+12,56.21168117,10.150457,56.21148325,10.15041577
1.28989E+12,56.211502,10.15103183,56.21133816,10.15084476
1.28989E+12,56.21127733,10.1517295,56.21124361,10.15177071
1.28989E+12,56.21110133,10.1523095,56.21101713,10.15252818
1.28989E+12,56.21088683,10.1529775,56.21129181,10.15328154
1.28989E+12,56.21071433,10.153563,56.21089073,10.15380583
1.28989E+12,56.210552,10.15407067,56.21059477,10.15401194
1.28989E+12,56.21035017,10.15455883,56.21032529,10.15467897
1.2899E+12,56.21017033,10.15492517,56.21012748,10.15472298
1.2899E+12,56.20996283,10.15500433,56.20994676,10.15495642
1.2899E+12,56.209679,10.1548645,56.20966538,10.15479708
1.2899E+12,56.2092885,10.1547725,56.20930161,10.15492272
1.2899E+12,56.20861567,10.15477717,56.20878805,10.15460974
1.2899E+12,56.2080285,10.15470367,56.20815597,10.15465626
1.2899E+12,56.2077065,10.154318,56.20764233,10.1542287
1.2899E+12,56.207372,10.15452433,56.20725332,10.15458778
1.2899E+12,56.2071325,10.1547175,56.20693045,10.1544556
1.2899E+12,56.20689667,10.15485283,56.20678679,10.15487712
1.2899E+12,56.20663683,10.155014,56.2068644,10.1552393
1.2899E+12,56.20626267,10.15523033,56.20640776,10.15537107
1.2899E+12,56.20602083,10.15536233,56.20603451,10.15527384
1.2899E+12,56.20582683,10.155459,56.20577769,10.15544558
1.2899E+12,56.20568633,10.155525,56.20542372,10.15543854
1.2899E+12,56.20548983,10.15563067,56.20547032,10.15570014
1.2899E+12,56.20535033,10.15568717,56.20529514,10.15581095
1.2899E+12,56.20518167,10.15576467,56.20515181,10.15566058
1.2899E+12,56.20498183,10.1558555,56.20488728,10.15567785
1.2899E+12,56.20482367,10.15592067,56.20476675,10.15596333
1.2899E+12,56.20461367,10.15601567,56.20473925,10.15593542
1.2899E+12,56.20438717,10.15603433,56.20435126,10.15604388
1.2899E+12,56.2040975,10.1559845,56.20388941,10.15605755
1.2899E+12,56.20391567,10.155954,56.20399117,10.15578891
1.2899E+12,56.20374467,10.15593133,56.20364734,10.15596912
1.2899E+12,56.20355833,10.1559055,56.20353461,10.15582327
1.2899E+12,56.20336667,10.15587633,56.20323789,10.15608252
1.2899E+12,56.20323583,10.155855,56.20233516,10.15539579
1.2899E+12,56.20303883,10.1558205,56.20313001,10.1556791
1.2899E+12,56.20281033,10.15577417,56.20280773,10.15578673
1.2899E+12,56.20264,10.155722,56.20171071,10.15511416
1.2899E+12,56.20246667,10.155645,56.2026608,10.15591069
1.2899E+12,56.20229133,10.1555605,56.20234589,10.15580492
1.2899E+12,56.20203767,10.15543683,56.20208521,10.15545363
1.2899E+12,56.2018505,10.15535083,56.20192486,10.15552664
1.2899E+12,56.20173217,10.1552885,56.2019858,10.15509664
1.2899E+12,56.20156367,10.155216,56.20147819,10.15501551
1.2899E+12,56.201442,10.155266,56.2008923,10.15495231
1.2899E+12,56.20139483,10.1555485,56.20137526,10.15570861
1.2899E+12,56.20135483,10.15581917,56.20128407,10.15574146
1.2899E+12,56.2013255,10.15607617,56.20131106,10.15606878
1.2899E+12,56.20129517,10.15633217,56.20136847,10.15671611
1.2899E+12,56.20125517,10.15664467,56.20125515,10.15656918
1.2899E+12,56.20122433,10.15686233,56.20121332,10.15657605
1.2899E+12,56.20113033,10.157161,56.20117049,10.1572285
1.2899E+12,56.20098533,10.15738,56.20074168,10.15737099
1.2899E+12,56.20085,10.15749867,56.20093203,10.15757299
1.2899E+12,56.20063267,10.1575545,56.20037941,10.15747568
1.2899E+12,56.20044267,10.15749917,56.200669,10.15713018
1.2899E+12,56.200271,10.157416,56.20040967,10.15752178
1.2899E+12,56.20012433,10.15734283,56.19995663,10.15744383
1.2899E+12,56.19988117,10.15722233,56.19977122,10.15693806
1.2899E+12,56.19969767,10.15712917,56.19998311,10.15761566
1.2899E+12,56.1994805,10.1570285,56.19978497,10.15715977
1.2899E+12,56.19927667,10.15693667,56.19933343,10.1569793
1.2899E+12,56.19909467,10.15689467,56.19915691,10.15662651
1.2899E+12,56.1988505,10.15689633,56.19893948,10.15680261
1.2899E+12,56.198687,10.156925,56.19902171,10.15660949
1.2899E+12,56.198517,10.15698833,56.19830782,10.15662928
1.2899E+12,56.19833517,10.15706717,56.19843766,10.1569104
1.2899E+12,56.19813867,10.15717317,56.19806709,10.15729756
1.2899E+12,56.19792233,10.15730833,56.1979764,10.15766394
1.2899E+12,56.19769383,10.1575015,56.19759947,10.1573808
1.2899E+12,56.1974285,10.15778533,56.19752152,10.15781959
1.2899E+12,56.19721617,10.15806567,56.19722614,10.15782135
1.2899E+12,56.1969725,10.15838217,56.19688659,10.15817456
1.2899E+12,56.196729,10.15870317,56.19662231,10.15882634
1.2899E+12,56.19649217,10.159041,56.19659205,10.15924267
1.2899E+12,56.19628717,10.15937567,56.19632517,10.15940863
1.2899E+12,56.196009,10.15989817,56.19598604,10.16001942
1.2899E+12,56.19577033,10.16044117,56.19528187,10.16001137
1.2899E+12,56.19560383,10.160848,56.19548396,10.16060397
1.2899E+12,56.195467,10.161186,56.19558991,10.16123739
1.2899E+12,56.19534133,10.16148833,56.1953382,10.16121753
1.2899E+12,56.195215,10.1617935,56.19501818,10.1617103
1.2899E+12,56.195094,10.1620995,56.19514466,10.16216284
1.2899E+12,56.19498533,10.1623715,56.19472431,10.16177124
1.2899E+12,56.19488167,10.16261733,56.1948404,10.16244598
1.2899E+12,56.19474,10.16295633,56.19471635,10.16295719
1.2899E+12,56.19463017,10.1632265,56.19441929,10.16293959
1.2899E+12,56.19451,10.16350533,56.19434352,10.16290916
1.2899E+12,56.19442433,10.16371217,56.19428619,10.16339053
1.2899E+12,56.19433733,10.16391617,56.19429926,10.16389957
1.2899E+12,56.19423167,10.16418333,56.19425191,10.16417776
1.2899E+12,56.19413317,10.16441767,56.19411997,10.16447105
1.2899E+12,56.1940305,10.1646455,56.19398704,10.16444699
1.2899E+12,56.19389133,10.16455383,56.19429843,10.16456199
1.2899E+12,56.193622,10.1641675,56.19361203,10.16417776
1.2899E+12,56.19343933,10.16391383,56.19339469,10.1639284
1.2899E+12,56.19313183,10.16362233,56.19303661,10.16335298
1.2899E+12,56.19289317,10.1636275,56.19289395,10.16384634
1.2899E+12,56.19263833,10.16392,56.19260763,10.16423794
1.2899E+12,56.19245783,10.16432883,56.19241325,10.16414851
1.2899E+12,56.19234667,10.16461067,56.19230906,10.16449762
1.2899E+12,56.1922275,10.16489467,56.19221619,10.1647821
1.2899E+12,56.19210233,10.16518783,56.19196926,10.16509114
1.2899E+12,56.19194367,10.16554667,56.19155939,10.16593679
1.2899E+12,56.19174783,10.16595367,56.19145931,10.16576605
1.2899E+12,56.19161717,10.166168,56.19156358,10.1658502
1.2899E+12,56.191392,10.16648083,56.1913019,10.16661027
1.2899E+12,56.19118867,10.1667505,56.19099068,10.1662807
1.2899E+12,56.1909305,10.16710383,56.19082756,10.16686584
1.2899E+12,56.1906585,10.16747817,56.19052422,10.16756045
1.2899E+12,56.190441,10.16780167,56.19041258,10.1675042
1.2899E+12,56.19016867,10.16821333,56.19012877,10.16811969
1.2899E+12,56.18990117,10.16862967,56.18983297,10.16881497
1.2899E+12,56.189677,10.16898067,56.18965896,10.1693504
1.2899E+12,56.189409,10.16938967,56.18935771,10.16950932
1.2899E+12,56.18913667,10.16979667,56.18906644,10.17000126
1.2899E+12,56.188862,10.17014867,56.18855925,10.1696902
1.2899E+12,56.18862167,10.170435,56.18864961,10.17056083
1.2899E+12,56.18836917,10.1707325,56.18824569,10.17023561
1.2899E+12,56.18805783,10.17108367,56.18800974,10.17103852
1.2899E+12,56.18779483,10.171337,56.1875002,10.1712541
1.2899E+12,56.187516,10.17154467,56.18741068,10.17122702
1.2899E+12,56.1871255,10.171805,56.18702025,10.17191258
1.2899E+12,56.1868345,10.17199567,56.18682546,10.17175047
1.2899E+12,56.1864765,10.17220867,56.18645464,10.17215892
1.2899E+12,56.1862035,10.17226867,56.18610378,10.17232028
1.2899E+12,56.1860305,10.17222533,56.18592918,10.17232086
1.2899E+12,56.185824,10.17208433,56.18589029,10.17189674
1.2899E+12,56.185588,10.17185,56.18564596,10.17169473
1.2899E+12,56.185308,10.17155317,56.18519761,10.17131847
1.2899E+12,56.18501567,10.1712495,56.18501145,10.17136843
1.2899E+12,56.18473933,10.17095983,56.18456427,10.17137547
1.2899E+12,56.18454617,10.17075833,56.18455983,10.17037626
1.2899E+12,56.184315,10.17051233,56.18428122,10.17076066
1.2899E+12,56.18408783,10.17027833,56.18411869,10.17027191
1.2899E+12,56.18390533,10.17009033,56.1838529,10.1701994
1.2899E+12,56.18370717,10.16983733,56.18365299,10.16997401
1.2899E+12,56.18355217,10.16967233,56.18356448,10.16980244
1.2899E+12,56.1833665,10.16946317,56.18329844,10.16971602
1.2899E+12,56.183168,10.16919217,56.18313482,10.16922668
1.2899E+12,56.18312333,10.169168,56.18302125,10.16956171
1.2899E+12,56.1831245,10.1691715,56.18298353,10.1689992
1.2899E+12,56.18310383,10.16921767,56.18301739,10.16918268
1.2899E+12,56.1830255,10.16937917,56.18317682,10.16942995
1.2899E+12,56.182936,10.16968633,56.1828656,10.16974997
1.2899E+12,56.18281117,10.17005233,56.18269888,10.16980579
1.2899E+12,56.18268017,10.17039667,56.18256578,10.17038531
1.2899E+12,56.18254967,10.17074583,56.1823372,10.17062437
1.2899E+12,56.18240167,10.17115517,56.18244944,10.17125158
1.2899E+12,56.18227067,10.17160533,56.18238791,10.17169256
1.2899E+12,56.18220567,10.1719555,56.18221885,10.17214241
1.2899E+12,56.182159,10.1724005,56.18230812,10.17244961
1.2899E+12,56.182141,10.17279233,56.18225028,10.17301874
1.2899E+12,56.18210717,10.17325217,56.18196111,10.17302645
1.2899E+12,56.18207217,10.173713,56.18209153,10.17362182
1.2899E+12,56.18202117,10.17417217,56.18206789,10.17422364
1.2899E+12,56.18190233,10.17466283,56.18196153,10.17459462
1.2899E+12,56.18171917,10.17496467,56.18164452,10.17454257
1.2899E+12,56.18149667,10.17501167,56.18147462,10.17486879
1.2899E+12,56.1811395,10.174932,56.18121294,10.17494708
1.2899E+12,56.18077433,10.17486017,56.18077993,10.17507826
1.2899E+12,56.18048917,10.17479483,56.18037684,10.17502185
1.2899E+12,56.18025483,10.17471783,56.18046402,10.17460711
1.2899E+12,56.180044,10.17464617,56.18033711,10.17463402
1.2899E+12,56.17983333,10.17465533,56.17964007,10.17452941
1.2899E+12,56.17955267,10.17491533,56.1794654,10.17449923
1.2899E+12,56.179346,10.17524583,56.17933036,10.17518269
1.2899E+12,56.17908033,10.17564567,56.17937822,10.17570908
1.2899E+12,56.17890433,10.17582,56.17879057,10.17587772
1.2899E+12,56.17864633,10.176212,56.17873801,10.17616489
1.2899E+12,56.17841517,10.17657083,56.17817257,10.17615592
1.2899E+12,56.17821117,10.176867,56.17813544,10.17658784
1.2899E+12,56.17801917,10.17714983,56.17788314,10.17755435
1.2899E+12,56.17775917,10.17753367,56.17771282,10.17763457
1.2899E+12,56.17757517,10.17781167,56.17746732,10.17748068
1.2899E+12,56.17738467,10.17809933,56.1773721,10.17802986
1.2899E+12,56.177179,10.1783525,56.17715736,10.17828986
1.2899E+12,56.17696917,10.1785645,56.17695376,10.17853881
1.2899E+12,56.176814,10.17874233,56.17683013,10.17870938
1.2899E+12,56.17679933,10.17878133,56.17681487,10.17881591
1.2899E+12,56.1768075,10.17879667,56.17686835,10.17876713
1.2899E+12,56.1767885,10.17882,56.17668545,10.17863143
1.2899E+12,56.17666383,10.17889933,56.17653701,10.17884827
1.2899E+12,56.17650833,10.17904317,56.17656593,10.17869949
1.2899E+12,56.17634633,10.179234,56.1762594,10.17880041
1.2899E+12,56.17615633,10.17951867,56.17611616,10.17942821
1.2899E+12,56.17581033,10.179979,56.17583075,10.17991721
1.2899E+12,56.175568,10.18023417,56.17559581,10.18028015
1.2899E+12,56.17533117,10.180488,56.17531979,10.18040621
1.2899E+12,56.17510283,10.18073383,56.17509013,10.18057536
1.2899E+12,56.174834,10.18104717,56.17490229,10.18089446
1.2899E+12,56.174756,10.18117317,56.17475544,10.18116544
1.2899E+12,56.17474533,10.18134817,56.17458143,10.18133409
1.2899E+12,56.17478067,10.18166583,56.17476382,10.18167381
1.2899E+12,56.17476283,10.18207017,56.17469433,10.18218267
1.2899E+12,56.17469633,10.18251067,56.17483549,10.18251443
1.2899E+12,56.17464817,10.18296583,56.17462435,10.18313284
1.2899E+12,56.174583,10.18343667,56.17454564,10.18332688
1.2899E+12,56.17447083,10.18408983,56.17462862,10.18413523
1.2899E+12,56.17440667,10.18445667,56.17420668,10.18443455
1.2899E+12,56.17431817,10.18493733,56.17437574,10.18487754
1.2899E+12,56.17423,10.18541633,56.17404859,10.18536729
1.2899E+12,56.17410367,10.18586817,56.17418731,10.18571723
1.2899E+12,56.17403083,10.1863475,56.17400191,10.18639206
1.2899E+12,56.173955,10.1868315,56.1737963,10.18681493
1.2899E+12,56.17387933,10.18732117,56.17365146,10.18716219
1.2899E+12,56.1737825,10.1878845,56.17374676,10.18771187
1.2899E+12,56.1737205,10.18825533,56.17366839,10.18807557
1.2899E+12,56.173602,10.18850633,56.17353788,10.18857831
1.2899E+12,56.17340767,10.18843417,56.17356395,10.18869767
1.2899E+12,56.17316533,10.1883215,56.17294411,10.18803567
1.2899E+12,56.17294833,10.18822883,56.173012,10.18815612
1.2899E+12,56.1727145,10.1881275,56.17278628,10.18817648
1.2899E+12,56.1726095,10.18831683,56.17255444,10.18810641
1.2899E+12,56.17257833,10.18860633,56.17273071,10.18843071
1.2899E+12,56.17249167,10.18886633,56.17278695,10.18867663
1.2899E+12,56.17230967,10.18881667,56.17228546,10.18867521
1.2899E+12,56.17219083,10.18880567,56.17209846,10.18868652
1.2899E+12,56.17217233,10.1887585,56.17201313,10.18894846
1.2899E+12,56.172153,10.18873633,56.1720428,10.18905952
1.2899E+12,56.1721545,10.18872433,56.17205211,10.18918072
1.2899E+12,56.17216933,10.18870833,56.17210626,10.19154802
1.2899E+12,56.17215383,10.18870017,56.17209033,10.18871921
1.2899E+12,56.17214,10.18871467,56.1720397,10.18860756
1.2899E+12,56.1721635,10.18870833,56.17210994,10.18879716
1.2899E+12,56.1721765,10.188699,56.17241915,10.18882834
1.2899E+12,56.172188,10.18868217,56.17224632,10.18862743
1.2899E+12,56.17220117,10.18865583,56.1721521,10.18884771
